[
{
  "model": "admin.logentry",
  "pk": 1,
  "fields": {
    "action_time": "2025-08-07T20:50:18.858Z",
    "user": 1,
    "content_type": 7,
    "object_id": "1",
    "object_repr": "new products",
    "action_flag": 1,
    "change_message": "[{\"added\": {}}]"
  }
},
{
  "model": "admin.logentry",
  "pk": 2,
  "fields": {
    "action_time": "2025-08-07T20:58:13.123Z",
    "user": 1,
    "content_type": 7,
    "object_id": "2",
    "object_repr": "men photot",
    "action_flag": 1,
    "change_message": "[{\"added\": {}}]"
  }
},
{
  "model": "admin.logentry",
  "pk": 3,
  "fields": {
    "action_time": "2025-08-07T21:30:32.192Z",
    "user": 1,
    "content_type": 9,
    "object_id": "3",
    "object_repr": "2 x men photot in cart1",
    "action_flag": 2,
    "change_message": "[{\"changed\": {\"fields\": [\"Quantity\"]}}]"
  }
},
{
  "model": "admin.logentry",
  "pk": 4,
  "fields": {
    "action_time": "2025-08-07T21:31:07.393Z",
    "user": 1,
    "content_type": 9,
    "object_id": "3",
    "object_repr": "3 x men photot in cart1",
    "action_flag": 2,
    "change_message": "[{\"changed\": {\"fields\": [\"Quantity\"]}}]"
  }
},
{
  "model": "admin.logentry",
  "pk": 5,
  "fields": {
    "action_time": "2025-08-11T16:47:33.491Z",
    "user": 1,
    "content_type": 7,
    "object_id": "1",
    "object_repr": "new products",
    "action_flag": 2,
    "change_message": "[{\"changed\": {\"fields\": [\"Image\", \"Description\", \"Category\"]}}]"
  }
},
{
  "model": "admin.logentry",
  "pk": 6,
  "fields": {
    "action_time": "2025-08-13T12:02:53.337Z",
    "user": 1,
    "content_type": 7,
    "object_id": "2",
    "object_repr": "men photot",
    "action_flag": 3,
    "change_message": ""
  }
},
{
  "model": "admin.logentry",
  "pk": 7,
  "fields": {
    "action_time": "2025-08-13T12:02:53.348Z",
    "user": 1,
    "content_type": 7,
    "object_id": "1",
    "object_repr": "new products",
    "action_flag": 3,
    "change_message": ""
  }
},
{
  "model": "admin.logentry",
  "pk": 8,
  "fields": {
    "action_time": "2025-08-13T12:05:45.750Z",
    "user": 1,
    "content_type": 7,
    "object_id": "3",
    "object_repr": "Black Elegant sneaker",
    "action_flag": 1,
    "change_message": "[{\"added\": {}}]"
  }
},
{
  "model": "admin.logentry",
  "pk": 9,
  "fields": {
    "action_time": "2025-08-13T12:06:53.013Z",
    "user": 1,
    "content_type": 7,
    "object_id": "4",
    "object_repr": "white Elegant Sneakers",
    "action_flag": 1,
    "change_message": "[{\"added\": {}}]"
  }
},
{
  "model": "admin.logentry",
  "pk": 10,
  "fields": {
    "action_time": "2025-08-13T12:07:34.897Z",
    "user": 1,
    "content_type": 7,
    "object_id": "5",
    "object_repr": "unisex Sneakers",
    "action_flag": 1,
    "change_message": "[{\"added\": {}}]"
  }
},
{
  "model": "admin.logentry",
  "pk": 11,
  "fields": {
    "action_time": "2025-08-13T12:08:22.639Z",
    "user": 1,
    "content_type": 7,
    "object_id": "6",
    "object_repr": "White Women Gown",
    "action_flag": 1,
    "change_message": "[{\"added\": {}}]"
  }
},
{
  "model": "admin.logentry",
  "pk": 12,
  "fields": {
    "action_time": "2025-08-13T12:08:59.188Z",
    "user": 1,
    "content_type": 7,
    "object_id": "7",
    "object_repr": "red women Gown",
    "action_flag": 1,
    "change_message": "[{\"added\": {}}]"
  }
},
{
  "model": "admin.logentry",
  "pk": 13,
  "fields": {
    "action_time": "2025-08-13T12:09:32.957Z",
    "user": 1,
    "content_type": 7,
    "object_id": "8",
    "object_repr": "Blue Women Gown",
    "action_flag": 1,
    "change_message": "[{\"added\": {}}]"
  }
},
{
  "model": "admin.logentry",
  "pk": 14,
  "fields": {
    "action_time": "2025-08-13T12:10:07.238Z",
    "user": 1,
    "content_type": 7,
    "object_id": "9",
    "object_repr": "Pink Women Gown",
    "action_flag": 1,
    "change_message": "[{\"added\": {}}]"
  }
},
{
  "model": "admin.logentry",
  "pk": 15,
  "fields": {
    "action_time": "2025-08-13T12:10:47.604Z",
    "user": 1,
    "content_type": 7,
    "object_id": "10",
    "object_repr": "Elegant Gown For Women",
    "action_flag": 1,
    "change_message": "[{\"added\": {}}]"
  }
},
{
  "model": "admin.logentry",
  "pk": 16,
  "fields": {
    "action_time": "2025-08-13T12:11:16.649Z",
    "user": 1,
    "content_type": 7,
    "object_id": "11",
    "object_repr": "Green Women Gown",
    "action_flag": 1,
    "change_message": "[{\"added\": {}}]"
  }
},
{
  "model": "admin.logentry",
  "pk": 17,
  "fields": {
    "action_time": "2025-08-13T12:12:58.293Z",
    "user": 1,
    "content_type": 7,
    "object_id": "12",
    "object_repr": "Black Headset",
    "action_flag": 1,
    "change_message": "[{\"added\": {}}]"
  }
},
{
  "model": "admin.logentry",
  "pk": 18,
  "fields": {
    "action_time": "2025-08-13T12:13:37.399Z",
    "user": 1,
    "content_type": 7,
    "object_id": "13",
    "object_repr": "Black Headset with Microphone",
    "action_flag": 1,
    "change_message": "[{\"added\": {}}]"
  }
},
{
  "model": "admin.logentry",
  "pk": 19,
  "fields": {
    "action_time": "2025-08-13T12:14:28.747Z",
    "user": 1,
    "content_type": 7,
    "object_id": "14",
    "object_repr": "Headset Black(RGB) with Microphone",
    "action_flag": 1,
    "change_message": "[{\"added\": {}}]"
  }
},
{
  "model": "admin.logentry",
  "pk": 20,
  "fields": {
    "action_time": "2025-08-13T12:15:07.877Z",
    "user": 1,
    "content_type": 7,
    "object_id": "15",
    "object_repr": "White Headset",
    "action_flag": 1,
    "change_message": "[{\"added\": {}}]"
  }
},
{
  "model": "admin.logentry",
  "pk": 21,
  "fields": {
    "action_time": "2025-08-13T12:15:47.709Z",
    "user": 1,
    "content_type": 7,
    "object_id": "16",
    "object_repr": "Double Speaker(Black)",
    "action_flag": 1,
    "change_message": "[{\"added\": {}}]"
  }
},
{
  "model": "admin.logentry",
  "pk": 22,
  "fields": {
    "action_time": "2025-08-13T12:16:38.923Z",
    "user": 1,
    "content_type": 7,
    "object_id": "17",
    "object_repr": "JBL",
    "action_flag": 1,
    "change_message": "[{\"added\": {}}]"
  }
},
{
  "model": "admin.logentry",
  "pk": 23,
  "fields": {
    "action_time": "2025-08-13T12:17:24.258Z",
    "user": 1,
    "content_type": 7,
    "object_id": "18",
    "object_repr": "Music Box(Black)",
    "action_flag": 1,
    "change_message": "[{\"added\": {}}]"
  }
},
{
  "model": "admin.logentry",
  "pk": 24,
  "fields": {
    "action_time": "2025-08-13T12:18:32.906Z",
    "user": 1,
    "content_type": 7,
    "object_id": "19",
    "object_repr": "Single Speaker Black(RGB)",
    "action_flag": 1,
    "change_message": "[{\"added\": {}}]"
  }
},
{
  "model": "admin.logentry",
  "pk": 25,
  "fields": {
    "action_time": "2025-08-13T12:19:59.132Z",
    "user": 1,
    "content_type": 7,
    "object_id": "20",
    "object_repr": "Black Trouser For Men",
    "action_flag": 1,
    "change_message": "[{\"added\": {}}]"
  }
},
{
  "model": "admin.logentry",
  "pk": 26,
  "fields": {
    "action_time": "2025-08-13T12:23:07.480Z",
    "user": 1,
    "content_type": 7,
    "object_id": "21",
    "object_repr": "Monalisa Skin Care",
    "action_flag": 1,
    "change_message": "[{\"added\": {}}]"
  }
},
{
  "model": "admin.logentry",
  "pk": 27,
  "fields": {
    "action_time": "2025-08-13T12:23:54.895Z",
    "user": 1,
    "content_type": 7,
    "object_id": "22",
    "object_repr": "Dove Skin Care Product",
    "action_flag": 1,
    "change_message": "[{\"added\": {}}]"
  }
},
{
  "model": "admin.logentry",
  "pk": 28,
  "fields": {
    "action_time": "2025-08-13T12:24:21.915Z",
    "user": 1,
    "content_type": 7,
    "object_id": "23",
    "object_repr": "Cleare",
    "action_flag": 1,
    "change_message": "[{\"added\": {}}]"
  }
},
{
  "model": "admin.logentry",
  "pk": 29,
  "fields": {
    "action_time": "2025-08-13T12:24:53.858Z",
    "user": 1,
    "content_type": 7,
    "object_id": "24",
    "object_repr": "Visita",
    "action_flag": 1,
    "change_message": "[{\"added\": {}}]"
  }
},
{
  "model": "admin.logentry",
  "pk": 30,
  "fields": {
    "action_time": "2025-08-13T12:25:18.181Z",
    "user": 1,
    "content_type": 7,
    "object_id": "25",
    "object_repr": "Nivea",
    "action_flag": 1,
    "change_message": "[{\"added\": {}}]"
  }
},
{
  "model": "admin.logentry",
  "pk": 31,
  "fields": {
    "action_time": "2025-08-13T12:25:46.960Z",
    "user": 1,
    "content_type": 7,
    "object_id": "26",
    "object_repr": "Vaseline",
    "action_flag": 1,
    "change_message": "[{\"added\": {}}]"
  }
},
{
  "model": "admin.logentry",
  "pk": 32,
  "fields": {
    "action_time": "2025-08-19T05:16:11.823Z",
    "user": 1,
    "content_type": 7,
    "object_id": "27",
    "object_repr": "Blue Top T-shirt",
    "action_flag": 1,
    "change_message": "[{\"added\": {}}]"
  }
},
{
  "model": "admin.logentry",
  "pk": 33,
  "fields": {
    "action_time": "2025-08-24T04:14:25.178Z",
    "user": 1,
    "content_type": 6,
    "object_id": "2",
    "object_repr": "Peter",
    "action_flag": 1,
    "change_message": "[{\"added\": {}}]"
  }
},
{
  "model": "admin.logentry",
  "pk": 34,
  "fields": {
    "action_time": "2025-08-25T15:54:26.155Z",
    "user": 1,
    "content_type": 6,
    "object_id": "3",
    "object_repr": "Desmond",
    "action_flag": 1,
    "change_message": "[{\"added\": {}}]"
  }
},
{
  "model": "admin.logentry",
  "pk": 35,
  "fields": {
    "action_time": "2025-08-25T16:23:43.945Z",
    "user": 1,
    "content_type": 6,
    "object_id": "4",
    "object_repr": "Paul",
    "action_flag": 1,
    "change_message": "[{\"added\": {}}]"
  }
},
{
  "model": "admin.logentry",
  "pk": 36,
  "fields": {
    "action_time": "2025-08-30T17:42:32.945Z",
    "user": 5,
    "content_type": 6,
    "object_id": "6",
    "object_repr": "Ofure",
    "action_flag": 1,
    "change_message": "[{\"added\": {}}]"
  }
},
{
  "model": "admin.logentry",
  "pk": 37,
  "fields": {
    "action_time": "2025-08-30T17:47:08.455Z",
    "user": 1,
    "content_type": 6,
    "object_id": "6",
    "object_repr": "Ofure",
    "action_flag": 2,
    "change_message": "[{\"changed\": {\"fields\": [\"Staff status\", \"Superuser status\"]}}]"
  }
},
{
  "model": "admin.logentry",
  "pk": 38,
  "fields": {
    "action_time": "2025-08-30T17:47:57.169Z",
    "user": 1,
    "content_type": 6,
    "object_id": "6",
    "object_repr": "Ofure",
    "action_flag": 2,
    "change_message": "[{\"changed\": {\"fields\": [\"First name\", \"Last name\", \"Email address\"]}}]"
  }
},
{
  "model": "admin.logentry",
  "pk": 39,
  "fields": {
    "action_time": "2025-08-30T17:51:13.472Z",
    "user": 6,
    "content_type": 6,
    "object_id": "7",
    "object_repr": "Felix",
    "action_flag": 1,
    "change_message": "[{\"added\": {}}]"
  }
},
{
  "model": "admin.logentry",
  "pk": 40,
  "fields": {
    "action_time": "2025-08-30T17:51:54.176Z",
    "user": 6,
    "content_type": 6,
    "object_id": "7",
    "object_repr": "Felix",
    "action_flag": 2,
    "change_message": "[{\"changed\": {\"fields\": [\"First name\", \"Last name\", \"Email address\"]}}]"
  }
},
{
  "model": "admin.logentry",
  "pk": 41,
  "fields": {
    "action_time": "2025-08-30T17:52:44.875Z",
    "user": 6,
    "content_type": 6,
    "object_id": "7",
    "object_repr": "Felix",
    "action_flag": 2,
    "change_message": "[{\"changed\": {\"fields\": [\"Staff status\"]}}]"
  }
},
{
  "model": "admin.logentry",
  "pk": 42,
  "fields": {
    "action_time": "2025-08-30T18:07:09.296Z",
    "user": 1,
    "content_type": 6,
    "object_id": "1",
    "object_repr": "damisa",
    "action_flag": 2,
    "change_message": "[{\"changed\": {\"fields\": [\"State\", \"City\", \"Address\", \"Phone\"]}}]"
  }
},
{
  "model": "admin.logentry",
  "pk": 43,
  "fields": {
    "action_time": "2025-08-30T22:24:06.342Z",
    "user": 1,
    "content_type": 6,
    "object_id": "8",
    "object_repr": "Rashidat",
    "action_flag": 1,
    "change_message": "[{\"added\": {}}]"
  }
},
{
  "model": "admin.logentry",
  "pk": 44,
  "fields": {
    "action_time": "2025-08-31T04:43:08.420Z",
    "user": 1,
    "content_type": 6,
    "object_id": "1",
    "object_repr": "damisa",
    "action_flag": 2,
    "change_message": "[]"
  }
},
{
  "model": "admin.logentry",
  "pk": 45,
  "fields": {
    "action_time": "2025-08-31T04:43:36.086Z",
    "user": 1,
    "content_type": 6,
    "object_id": "1",
    "object_repr": "damisa",
    "action_flag": 2,
    "change_message": "[]"
  }
},
{
  "model": "admin.logentry",
  "pk": 46,
  "fields": {
    "action_time": "2025-08-31T04:45:47.537Z",
    "user": 1,
    "content_type": 6,
    "object_id": "1",
    "object_repr": "damisa",
    "action_flag": 2,
    "change_message": "[{\"changed\": {\"fields\": [\"First name\", \"Last name\", \"Email address\"]}}]"
  }
},
{
  "model": "admin.logentry",
  "pk": 47,
  "fields": {
    "action_time": "2025-09-05T21:54:10.791Z",
    "user": 1,
    "content_type": 11,
    "object_id": "1",
    "object_repr": "Profile object (1)",
    "action_flag": 1,
    "change_message": "[{\"added\": {}}]"
  }
},
{
  "model": "admin.logentry",
  "pk": 48,
  "fields": {
    "action_time": "2025-09-06T09:55:42.785Z",
    "user": 1,
    "content_type": 11,
    "object_id": "1",
    "object_repr": "damisa's Profile",
    "action_flag": 2,
    "change_message": "[]"
  }
},
{
  "model": "admin.logentry",
  "pk": 49,
  "fields": {
    "action_time": "2025-09-06T09:56:32.848Z",
    "user": 1,
    "content_type": 11,
    "object_id": "2",
    "object_repr": "Desmond's Profile",
    "action_flag": 1,
    "change_message": "[{\"added\": {}}]"
  }
},
{
  "model": "admin.logentry",
  "pk": 50,
  "fields": {
    "action_time": "2025-09-06T10:37:28.785Z",
    "user": 1,
    "content_type": 11,
    "object_id": "1",
    "object_repr": "damisa's Profile",
    "action_flag": 3,
    "change_message": ""
  }
},
{
  "model": "admin.logentry",
  "pk": 51,
  "fields": {
    "action_time": "2025-09-06T10:38:15.501Z",
    "user": 1,
    "content_type": 11,
    "object_id": "3",
    "object_repr": "damisa's Profile",
    "action_flag": 1,
    "change_message": "[{\"added\": {}}]"
  }
},
{
  "model": "admin.logentry",
  "pk": 52,
  "fields": {
    "action_time": "2025-09-06T10:41:16.492Z",
    "user": 1,
    "content_type": 11,
    "object_id": "3",
    "object_repr": "damisa's Profile",
    "action_flag": 3,
    "change_message": ""
  }
},
{
  "model": "admin.logentry",
  "pk": 53,
  "fields": {
    "action_time": "2025-09-06T10:41:31.388Z",
    "user": 1,
    "content_type": 11,
    "object_id": "4",
    "object_repr": "damisa's Profile",
    "action_flag": 1,
    "change_message": "[{\"added\": {}}]"
  }
},
{
  "model": "admin.logentry",
  "pk": 54,
  "fields": {
    "action_time": "2025-09-06T10:41:53.690Z",
    "user": 1,
    "content_type": 11,
    "object_id": "4",
    "object_repr": "damisa's Profile",
    "action_flag": 3,
    "change_message": ""
  }
},
{
  "model": "admin.logentry",
  "pk": 55,
  "fields": {
    "action_time": "2025-09-06T10:42:11.109Z",
    "user": 1,
    "content_type": 11,
    "object_id": "5",
    "object_repr": "damisa's Profile",
    "action_flag": 1,
    "change_message": "[{\"added\": {}}]"
  }
},
{
  "model": "admin.logentry",
  "pk": 56,
  "fields": {
    "action_time": "2025-09-06T10:52:17.596Z",
    "user": 1,
    "content_type": 11,
    "object_id": "2",
    "object_repr": "Desmond's Profile",
    "action_flag": 2,
    "change_message": "[{\"changed\": {\"fields\": [\"Image\"]}}]"
  }
},
{
  "model": "admin.logentry",
  "pk": 57,
  "fields": {
    "action_time": "2025-09-06T10:52:44.693Z",
    "user": 1,
    "content_type": 11,
    "object_id": "5",
    "object_repr": "damisa's Profile",
    "action_flag": 2,
    "change_message": "[{\"changed\": {\"fields\": [\"Image\"]}}]"
  }
},
{
  "model": "admin.logentry",
  "pk": 58,
  "fields": {
    "action_time": "2025-09-06T11:39:40.944Z",
    "user": 1,
    "content_type": 6,
    "object_id": "9",
    "object_repr": "Happy",
    "action_flag": 1,
    "change_message": "[{\"added\": {}}]"
  }
},
{
  "model": "admin.logentry",
  "pk": 59,
  "fields": {
    "action_time": "2025-09-06T11:41:48.861Z",
    "user": 1,
    "content_type": 11,
    "object_id": "6",
    "object_repr": "Happy's Profile",
    "action_flag": 2,
    "change_message": "[{\"changed\": {\"fields\": [\"Image\"]}}]"
  }
},
{
  "model": "sessions.session",
  "pk": "g7cz0cqaf7hvmzdtysyxfcrpmtl9iz01",
  "fields": {
    "session_data": ".eJxVjDsOwjAQBe_iGln-yl5Kes5g7XptHECOFCcV4u4QKQW0b2beSyTc1pa2UZY0sTgLLU6_G2F-lL4DvmO_zTLPfV0mkrsiDzrkdebyvBzu30HD0b61yqSN1qC8qTYEAs_eOGNRKXYcM0N06B0ULuxZm0xkAbEGtpGgonh_AMsFOCc:1uk7U1:FrwoiAXz71mQFXaoXrelX03a9BPRashwIp07IPM81ao",
    "expire_date": "2025-08-21T20:45:05.591Z"
  }
},
{
  "model": "sessions.session",
  "pk": "hg2nizmnevgkyqdfsgfnesiygo8fzrjx",
  "fields": {
    "session_data": ".eJxVjEEOwiAURO_C2hB_C4W6dO8ZyIc_laqhSWlXxrsbki50O--9eavA-5bDXrGGWdRFkTr9bpHTE6UBeXC5LzotZVvnqJuiD1r1bRG8rof7d5C55lbDm26Ad8y9PQsbQ2ZAnASTT-LMJH4woCjgnklssoQOsKMH9SOc-nwBC6s5AA:1utsoA:CiNT6HY0m2yUlJpXYeyV1zTciYx8mx2jC0ulODbnV8I",
    "expire_date": "2025-09-17T19:06:14.018Z"
  }
},
{
  "model": "sessions.session",
  "pk": "jg27aggzc1ef2g0axswompg2sh14febn",
  "fields": {
    "session_data": ".eJxVjDsOwjAQBe_iGln-yl5Kes5g7XptHECOFCcV4u4QKQW0b2beSyTc1pa2UZY0sTgLLU6_G2F-lL4DvmO_zTLPfV0mkrsiDzrkdebyvBzu30HD0b61yqSN1qC8qTYEAs_eOGNRKXYcM0N06B0ULuxZm0xkAbEGtpGgonh_AMsFOCc:1upomb:57M-uRfHffkVFvyC1JHP0RxKKFuHVyYlql27FvS1cAY",
    "expire_date": "2025-09-06T13:59:49.299Z"
  }
},
{
  "model": "sessions.session",
  "pk": "p3me42je4uby8chpwgwdi0blb7fszlix",
  "fields": {
    "session_data": ".eJxVjEEOwiAURO_C2hB_C4W6dO8ZyIc_laqhSWlXxrsbki50O--9eavA-5bDXrGGWdRFkTr9bpHTE6UBeXC5LzotZVvnqJuiD1r1bRG8rof7d5C55lbDm26Ad8y9PQsbQ2ZAnASTT-LMJH4woCjgnklssoQOsKMH9SOc-nwBC6s5AA:1usPle:rk_DP2fksh4emPgO1es0jcnpDHkib7fA8z6vYT0QN_4",
    "expire_date": "2025-09-13T17:53:34.372Z"
  }
},
{
  "model": "core.customuser",
  "pk": 1,
  "fields": {
    "password": "pbkdf2_sha256$600000$u2yURS8GqcHzrzrQ8dBrF5$kr50JbyIHIguJly/bdbWBCnZ9XV99dtBeshMJvqX5pg=",
    "last_login": "2025-09-03T19:06:14.012Z",
    "is_superuser": true,
    "username": "damisa",
    "first_name": "Emmmanuel",
    "last_name": "Damisa",
    "email": "damisaemmanuel778@gmail.com",
    "is_staff": true,
    "is_active": true,
    "date_joined": "2025-08-06T22:17:53Z",
    "state": "Kogi",
    "city": "Ajaokutae",
    "address": "flat 17D,SAE",
    "phone": "07043777486",
    "groups": [],
    "user_permissions": []
  }
},
{
  "model": "core.customuser",
  "pk": 2,
  "fields": {
    "password": "pbkdf2_sha256$600000$rq2EjpoeDU5W0MofuiE3Ot$RzYpYXwuYuHFXS/caGxPW/+OoHv2TvcaMzLGh5skHdc=",
    "last_login": null,
    "is_superuser": false,
    "username": "Peter",
    "first_name": "Peter",
    "last_name": "Ojogbane",
    "email": "peter@gmail.com",
    "is_staff": true,
    "is_active": true,
    "date_joined": "2025-08-24T04:14:24.539Z",
    "state": "Kogi",
    "city": "Ajaokuta",
    "address": "up Zango Lokoja",
    "phone": "07043777486",
    "groups": [],
    "user_permissions": []
  }
},
{
  "model": "core.customuser",
  "pk": 3,
  "fields": {
    "password": "pbkdf2_sha256$600000$v1Vrt7a9SgZFLPkxhOk2Z1$5if2RotgRJHFCtz/2VGijXBLncW6qoFsNsSiPsNwXqA=",
    "last_login": "2025-08-30T17:46:16.610Z",
    "is_superuser": false,
    "username": "Desmond",
    "first_name": "Desmond",
    "last_name": "Thomas",
    "email": "Desmond@gmail.com",
    "is_staff": true,
    "is_active": true,
    "date_joined": "2025-08-25T15:54:25.491Z",
    "state": "Minna",
    "city": "Bosso",
    "address": "Front of School,Bilke Bab",
    "phone": "08105801125",
    "groups": [],
    "user_permissions": []
  }
},
{
  "model": "core.customuser",
  "pk": 4,
  "fields": {
    "password": "pbkdf2_sha256$600000$S31c3TguFJIyfws4RRp3kH$IkSpT2+HcjEIG21KiXhl32LPSzJLHo5PRO1M3Go+at4=",
    "last_login": "2025-08-30T17:45:47.750Z",
    "is_superuser": false,
    "username": "Paul",
    "first_name": "Paul",
    "last_name": "Damisa",
    "email": "Paul@gmail.com",
    "is_staff": true,
    "is_active": true,
    "date_joined": "2025-08-25T16:23:43.275Z",
    "state": "Kogi",
    "city": "Ajaokuta",
    "address": "flat 17D SAE,Ajaokuta",
    "phone": "09128964537",
    "groups": [],
    "user_permissions": []
  }
},
{
  "model": "core.customuser",
  "pk": 5,
  "fields": {
    "password": "pbkdf2_sha256$600000$17dDsL6XarNOTq1fQtmfqb$ZEJtXbISdVudwQDKUQXBTQxYmvhHB7nsE0B9TjkfuWQ=",
    "last_login": "2025-08-30T17:40:04.712Z",
    "is_superuser": true,
    "username": "emmanuel",
    "first_name": "",
    "last_name": "",
    "email": "",
    "is_staff": true,
    "is_active": true,
    "date_joined": "2025-08-29T05:31:57.561Z",
    "state": null,
    "city": null,
    "address": null,
    "phone": null,
    "groups": [],
    "user_permissions": []
  }
},
{
  "model": "core.customuser",
  "pk": 6,
  "fields": {
    "password": "pbkdf2_sha256$600000$1SroXi811m3rVBjTx2dswL$bsIMfX7kbCxQ6zWFSQ7kynjGB+B3K2VKtz1zADKp0d4=",
    "last_login": "2025-08-30T17:48:19.565Z",
    "is_superuser": true,
    "username": "Ofure",
    "first_name": "Ofure",
    "last_name": "Ofure",
    "email": "Ofure@gmail.com",
    "is_staff": true,
    "is_active": true,
    "date_joined": "2025-08-30T17:42:32Z",
    "state": "MInna",
    "city": "Tunga",
    "address": "opposite ,Nipco Filling Station",
    "phone": "09123457683",
    "groups": [],
    "user_permissions": []
  }
},
{
  "model": "core.customuser",
  "pk": 7,
  "fields": {
    "password": "pbkdf2_sha256$600000$5J4mGHGBhgZgJvUYpjOZ0V$mfOvTCFo8GRep4BYaE+KJcrJJ7fK5AB7kYHa3+8Fhco=",
    "last_login": "2025-08-30T17:53:13.967Z",
    "is_superuser": false,
    "username": "Felix",
    "first_name": "Felix",
    "last_name": "Chichoke",
    "email": "Felix@gmail.com",
    "is_staff": true,
    "is_active": true,
    "date_joined": "2025-08-30T17:51:12Z",
    "state": "Anambra",
    "city": "Onitsha",
    "address": "uppy waker",
    "phone": "09065748323",
    "groups": [],
    "user_permissions": []
  }
},
{
  "model": "core.customuser",
  "pk": 8,
  "fields": {
    "password": "pbkdf2_sha256$600000$XFSTmo1mOeuCUcweHEWkDJ$XHy/+dw6ZmOeIHVWly0td0sxJ4Ni9ATNxyCFEQys5dw=",
    "last_login": null,
    "is_superuser": false,
    "username": "Rashidat",
    "first_name": "Rashidat",
    "last_name": "AbdulRahman",
    "email": "Rashidat@gmail.com",
    "is_staff": true,
    "is_active": true,
    "date_joined": "2025-08-30T22:24:05.140Z",
    "state": "Kogi",
    "city": "Zango",
    "address": "up Zango Okada park",
    "phone": "07043777486",
    "groups": [],
    "user_permissions": []
  }
},
{
  "model": "core.customuser",
  "pk": 9,
  "fields": {
    "password": "pbkdf2_sha256$600000$dqda2lI87V4R2aEI0WrnPG$JteYvmN3ZvKPAKbwgRPDJiMKnvy2bFx4AFF8Tx6SbGw=",
    "last_login": null,
    "is_superuser": false,
    "username": "Happy",
    "first_name": "",
    "last_name": "",
    "email": "",
    "is_staff": false,
    "is_active": true,
    "date_joined": "2025-09-06T11:39:39.449Z",
    "state": "Kogi",
    "city": "Ajaokuta",
    "address": "Flat 17D ,SAE",
    "phone": "07043777486",
    "groups": [],
    "user_permissions": []
  }
},
{
  "model": "core.customuser",
  "pk": 10,
  "fields": {
    "password": "pbkdf2_sha256$600000$TWfApqvsaHVGBvVXBCYIt2$JYG0jJfVmrCeK4hLhGpTRH7/MuOfk1O805hlW9yI1tU=",
    "last_login": null,
    "is_superuser": false,
    "username": "Daniel",
    "first_name": "Daniel",
    "last_name": "Godwin",
    "email": "Daniel@gmail.com",
    "is_staff": false,
    "is_active": true,
    "date_joined": "2025-09-06T17:39:00.594Z",
    "state": "Abuja",
    "city": "Apo",
    "address": "3rd Gate Apo Primary",
    "phone": "07043777486",
    "groups": [],
    "user_permissions": []
  }
},
{
  "model": "core.customuser",
  "pk": 11,
  "fields": {
    "password": "pbkdf2_sha256$600000$c7H7hWculJtPeNkGYVfnjh$rWB0/RJHkiXbVnXscSf+bg7xwjdPq4g+fbes4TRxHcE=",
    "last_login": null,
    "is_superuser": false,
    "username": "Juliet",
    "first_name": "Juliet",
    "last_name": "Abraham",
    "email": "Juliet@gmail.com",
    "is_staff": false,
    "is_active": true,
    "date_joined": "2025-09-06T17:44:05.075Z",
    "state": "Abuja",
    "city": "Apo",
    "address": "3rd Gate Apo Primary",
    "phone": "07043777486",
    "groups": [],
    "user_permissions": []
  }
},
{
  "model": "core.customuser",
  "pk": 12,
  "fields": {
    "password": "pbkdf2_sha256$600000$lj0pjhxaMrkUSUWxF0mN5Y$DeR4L8vF5b7CIlN9Fm5LCrmjJQZBczMGwiPuPunwqdg=",
    "last_login": null,
    "is_superuser": false,
    "username": "Elijah",
    "first_name": "Elijah",
    "last_name": "Timothy",
    "email": "Elijah@gmail.com",
    "is_staff": false,
    "is_active": true,
    "date_joined": "2025-09-06T17:46:32.243Z",
    "state": "MInna",
    "city": "Bosso",
    "address": "no 3 hakimi house TDF",
    "phone": "07013456783",
    "groups": [],
    "user_permissions": []
  }
},
{
  "model": "shoppit.product",
  "pk": 3,
  "fields": {
    "name": "Black Elegant sneaker",
    "image": "img/download.webp",
    "description": "Lorem ipsum dolor sit amet consectetur adipisicing elit. Atque pariatur corrupti officia nisi numquam temporibus sint sit, unde, enim alias minima reiciendis animi illum fugiat autem dolorem consequuntur eaque ex?",
    "slug": "black-elegant-sneaker",
    "price": "50.00",
    "category": "FOR_MEN"
  }
},
{
  "model": "shoppit.product",
  "pk": 4,
  "fields": {
    "name": "white Elegant Sneakers",
    "image": "img/images_3.jpg",
    "description": "Lorem ipsum dolor sit amet consectetur adipisicing elit. Atque pariatur corrupti officia nisi numquam temporibus sint sit, unde, enim alias minima reiciendis animi illum fugiat autem dolorem consequuntur eaque ex?",
    "slug": "white-elegant-sneakers",
    "price": "45.00",
    "category": "FOR_MEN"
  }
},
{
  "model": "shoppit.product",
  "pk": 5,
  "fields": {
    "name": "unisex Sneakers",
    "image": "img/download.jpg",
    "description": "Lorem ipsum dolor sit amet consectetur adipisicing elit. Atque pariatur corrupti officia nisi numquam temporibus sint sit, unde, enim alias minima reiciendis animi illum fugiat autem dolorem consequuntur eaque ex?",
    "slug": "unisex-sneakers",
    "price": "66.00",
    "category": "FOR_MEN"
  }
},
{
  "model": "shoppit.product",
  "pk": 6,
  "fields": {
    "name": "White Women Gown",
    "image": "img/download_8.jpg",
    "description": "Lorem ipsum dolor sit amet consectetur adipisicing elit. Atque pariatur corrupti officia nisi numquam temporibus sint sit, unde, enim alias minima reiciendis animi illum fugiat autem dolorem consequuntur eaque ex?",
    "slug": "white-women-gown",
    "price": "40.00",
    "category": "FOR_WOMEN"
  }
},
{
  "model": "shoppit.product",
  "pk": 7,
  "fields": {
    "name": "red women Gown",
    "image": "img/download_3.jpg",
    "description": "Lorem ipsum dolor sit amet consectetur adipisicing elit. Atque pariatur corrupti officia nisi numquam temporibus sint sit, unde, enim alias minima reiciendis animi illum fugiat autem dolorem consequuntur eaque ex?",
    "slug": "red-women-gown",
    "price": "99.00",
    "category": "FOR_WOMEN"
  }
},
{
  "model": "shoppit.product",
  "pk": 8,
  "fields": {
    "name": "Blue Women Gown",
    "image": "img/download_7.jpg",
    "description": "Lorem ipsum dolor sit amet consectetur adipisicing elit. Atque pariatur corrupti officia nisi numquam temporibus sint sit, unde, enim alias minima reiciendis animi illum fugiat autem dolorem consequuntur eaque ex?",
    "slug": "blue-women-gown",
    "price": "120.00",
    "category": "FOR_WOMEN"
  }
},
{
  "model": "shoppit.product",
  "pk": 9,
  "fields": {
    "name": "Pink Women Gown",
    "image": "img/download_6.jpg",
    "description": "Lorem ipsum dolor sit amet consectetur adipisicing elit. Atque pariatur corrupti officia nisi numquam temporibus sint sit, unde, enim alias minima reiciendis animi illum fugiat autem dolorem consequuntur eaque ex?",
    "slug": "pink-women-gown",
    "price": "250.00",
    "category": "FOR_WOMEN"
  }
},
{
  "model": "shoppit.product",
  "pk": 10,
  "fields": {
    "name": "Elegant Gown For Women",
    "image": "img/download_5.jpg",
    "description": "Lorem ipsum dolor sit amet consectetur adipisicing elit. Atque pariatur corrupti officia nisi numquam temporibus sint sit, unde, enim alias minima reiciendis animi illum fugiat autem dolorem consequuntur eaque ex?",
    "slug": "elegant-gown-for-women",
    "price": "300.00",
    "category": "FOR_WOMEN"
  }
},
{
  "model": "shoppit.product",
  "pk": 11,
  "fields": {
    "name": "Green Women Gown",
    "image": "img/download_4.jpg",
    "description": "Lorem ipsum dolor sit amet consectetur adipisicing elit. Atque pariatur corrupti officia nisi numquam temporibus sint sit, unde, enim alias minima reiciendis animi illum fugiat autem dolorem consequuntur eaque ex?",
    "slug": "green-women-gown",
    "price": "450.00",
    "category": "FOR_WOMEN"
  }
},
{
  "model": "shoppit.product",
  "pk": 12,
  "fields": {
    "name": "Black Headset",
    "image": "img/download_17.jpg",
    "description": "Lorem ipsum dolor sit amet consectetur adipisicing elit. Atque pariatur corrupti officia nisi numquam temporibus sint sit, unde, enim alias minima reiciendis animi illum fugiat autem dolorem consequuntur eaque ex?",
    "slug": "black-headset",
    "price": "39.00",
    "category": "ELECTRONICS"
  }
},
{
  "model": "shoppit.product",
  "pk": 13,
  "fields": {
    "name": "Black Headset with Microphone",
    "image": "img/download_19.jpg",
    "description": "Lorem ipsum dolor sit amet consectetur adipisicing elit. Atque pariatur corrupti officia nisi numquam temporibus sint sit, unde, enim alias minima reiciendis animi illum fugiat autem dolorem consequuntur eaque ex?",
    "slug": "black-headset-with-microphone",
    "price": "45.00",
    "category": "ELECTRONICS"
  }
},
{
  "model": "shoppit.product",
  "pk": 14,
  "fields": {
    "name": "Headset Black(RGB) with Microphone",
    "image": "img/download_18.jpg",
    "description": "Lorem ipsum dolor sit amet consectetur adipisicing elit. Atque pariatur corrupti officia nisi numquam temporibus sint sit, unde, enim alias minima reiciendis animi illum fugiat autem dolorem consequuntur eaque ex?",
    "slug": "headset-blackrgb-with-microphone",
    "price": "70.00",
    "category": "ELECTRONICS"
  }
},
{
  "model": "shoppit.product",
  "pk": 15,
  "fields": {
    "name": "White Headset",
    "image": "img/download_16.jpg",
    "description": "Lorem ipsum dolor sit amet consectetur adipisicing elit. Atque pariatur corrupti officia nisi numquam temporibus sint sit, unde, enim alias minima reiciendis animi illum fugiat autem dolorem consequuntur eaque ex?",
    "slug": "white-headset",
    "price": "75.00",
    "category": "ELECTRONICS"
  }
},
{
  "model": "shoppit.product",
  "pk": 16,
  "fields": {
    "name": "Double Speaker(Black)",
    "image": "img/images_13.jpg",
    "description": "Lorem ipsum dolor sit amet consectetur adipisicing elit. Atque pariatur corrupti officia nisi numquam temporibus sint sit, unde, enim alias minima reiciendis animi illum fugiat autem dolorem consequuntur eaque ex?",
    "slug": "double-speakerblack",
    "price": "200.00",
    "category": "ELECTRONICS"
  }
},
{
  "model": "shoppit.product",
  "pk": 17,
  "fields": {
    "name": "JBL",
    "image": "img/images_15.jpg",
    "description": "Lorem ipsum dolor sit amet consectetur adipisicing elit. Atque pariatur corrupti officia nisi numquam temporibus sint sit, unde, enim alias minima reiciendis animi illum fugiat autem dolorem consequuntur eaque ex?",
    "slug": "jbl",
    "price": "40.00",
    "category": "ELECTRONICS"
  }
},
{
  "model": "shoppit.product",
  "pk": 18,
  "fields": {
    "name": "Music Box(Black)",
    "image": "img/download_14.jpg",
    "description": "Lorem ipsum dolor sit amet consectetur adipisicing elit. Atque pariatur corrupti officia nisi numquam temporibus sint sit, unde, enim alias minima reiciendis animi illum fugiat autem dolorem consequuntur eaque ex?",
    "slug": "music-boxblack",
    "price": "33.00",
    "category": "ELECTRONICS"
  }
},
{
  "model": "shoppit.product",
  "pk": 19,
  "fields": {
    "name": "Single Speaker Black(RGB)",
    "image": "img/images_14.jpg",
    "description": "Lorem ipsum dolor sit amet consectetur adipisicing elit. Atque pariatur corrupti officia nisi numquam temporibus sint sit, unde, enim alias minima reiciendis animi illum fugiat autem dolorem consequuntur eaque ex?",
    "slug": "single-speaker-blackrgb",
    "price": "69.00",
    "category": "ELECTRONICS"
  }
},
{
  "model": "shoppit.product",
  "pk": 20,
  "fields": {
    "name": "Black Trouser For Men",
    "image": "img/download_21.jpg",
    "description": "Lorem ipsum dolor sit amet consectetur adipisicing elit. Atque pariatur corrupti officia nisi numquam temporibus sint sit, unde, enim alias minima reiciendis animi illum fugiat autem dolorem consequuntur eaque ex?",
    "slug": "black-trouser-for-men",
    "price": "25.00",
    "category": "FOR_MEN"
  }
},
{
  "model": "shoppit.product",
  "pk": 21,
  "fields": {
    "name": "Monalisa Skin Care",
    "image": "img/images_23.jpg",
    "description": "Lorem ipsum dolor sit amet consectetur adipisicing elit. Atque pariatur corrupti officia nisi numquam temporibus sint sit, unde, enim alias minima reiciendis animi illum fugiat autem dolorem consequuntur eaque ex?",
    "slug": "monalisa-skin-care",
    "price": "250.00",
    "category": "SKINCARE"
  }
},
{
  "model": "shoppit.product",
  "pk": 22,
  "fields": {
    "name": "Dove Skin Care Product",
    "image": "img/images_22.jpg",
    "description": "Lorem ipsum dolor sit amet consectetur adipisicing elit. Atque pariatur corrupti officia nisi numquam temporibus sint sit, unde, enim alias minima reiciendis animi illum fugiat autem dolorem consequuntur eaque ex?",
    "slug": "dove-skin-care-product",
    "price": "15.00",
    "category": "SKINCARE"
  }
},
{
  "model": "shoppit.product",
  "pk": 23,
  "fields": {
    "name": "Cleare",
    "image": "img/images_21.jpg",
    "description": "Lorem ipsum dolor sit amet consectetur adipisicing elit. Atque pariatur corrupti officia nisi numquam temporibus sint sit, unde, enim alias minima reiciendis animi illum fugiat autem dolorem consequuntur eaque ex?",
    "slug": "cleare",
    "price": "25.00",
    "category": "SKINCARE"
  }
},
{
  "model": "shoppit.product",
  "pk": 24,
  "fields": {
    "name": "Visita",
    "image": "img/download_26.jpg",
    "description": "Lorem ipsum dolor sit amet consectetur adipisicing elit. Atque pariatur corrupti officia nisi numquam temporibus sint sit, unde, enim alias minima reiciendis animi illum fugiat autem dolorem consequuntur eaque ex?",
    "slug": "visita",
    "price": "14.00",
    "category": "SKINCARE"
  }
},
{
  "model": "shoppit.product",
  "pk": 25,
  "fields": {
    "name": "Nivea",
    "image": "img/download_23.jpg",
    "description": "Lorem ipsum dolor sit amet consectetur adipisicing elit. Atque pariatur corrupti officia nisi numquam temporibus sint sit, unde, enim alias minima reiciendis animi illum fugiat autem dolorem consequuntur eaque ex?",
    "slug": "nivea",
    "price": "20.00",
    "category": "SKINCARE"
  }
},
{
  "model": "shoppit.product",
  "pk": 26,
  "fields": {
    "name": "Vaseline",
    "image": "img/download_24.jpg",
    "description": "Lorem ipsum dolor sit amet consectetur adipisicing elit. Atque pariatur corrupti officia nisi numquam temporibus sint sit, unde, enim alias minima reiciendis animi illum fugiat autem dolorem consequuntur eaque ex?",
    "slug": "vaseline",
    "price": "10.00",
    "category": "SKINCARE"
  }
},
{
  "model": "shoppit.product",
  "pk": 27,
  "fields": {
    "name": "Blue Top T-shirt",
    "image": "img/images_7.jpg",
    "description": "jhjdgkfdfdlfkhfgkklf;gkhfgl;kfglhgk;",
    "slug": "blue-top-t-shirt",
    "price": "40.00",
    "category": "FOR_MEN"
  }
},
{
  "model": "shoppit.cart",
  "pk": 1,
  "fields": {
    "cart_code": "UD7Q5PAIND",
    "user": 3,
    "paid": true,
    "created_at": "2025-08-07T20:51:53.396Z",
    "modified_at": "2025-08-29T04:53:36.226Z"
  }
},
{
  "model": "shoppit.cart",
  "pk": 2,
  "fields": {
    "cart_code": "ODiWocGHTn",
    "user": 3,
    "paid": true,
    "created_at": "2025-08-29T05:03:23.467Z",
    "modified_at": "2025-08-29T05:19:55.763Z"
  }
},
{
  "model": "shoppit.cart",
  "pk": 3,
  "fields": {
    "cart_code": "W38PqVbFmV",
    "user": 3,
    "paid": true,
    "created_at": "2025-08-29T05:23:06.765Z",
    "modified_at": "2025-08-29T05:25:32.386Z"
  }
},
{
  "model": "shoppit.cart",
  "pk": 4,
  "fields": {
    "cart_code": "LYoYJB3MSe",
    "user": 2,
    "paid": true,
    "created_at": "2025-08-29T05:27:05.779Z",
    "modified_at": "2025-08-29T05:36:42.822Z"
  }
},
{
  "model": "shoppit.cart",
  "pk": 5,
  "fields": {
    "cart_code": "jQqcLgf4rt",
    "user": 8,
    "paid": true,
    "created_at": "2025-08-29T05:38:10.876Z",
    "modified_at": "2025-08-30T22:31:49.025Z"
  }
},
{
  "model": "shoppit.cart",
  "pk": 6,
  "fields": {
    "cart_code": "Z4qnJTwTtt",
    "user": 1,
    "paid": true,
    "created_at": "2025-08-31T04:30:46.061Z",
    "modified_at": "2025-08-31T04:48:59.695Z"
  }
},
{
  "model": "shoppit.cart",
  "pk": 7,
  "fields": {
    "cart_code": "qC5ylW4Zcu",
    "user": 1,
    "paid": true,
    "created_at": "2025-08-31T04:59:56.861Z",
    "modified_at": "2025-08-31T05:13:19.353Z"
  }
},
{
  "model": "shoppit.cart",
  "pk": 8,
  "fields": {
    "cart_code": "2dOPk2MiHC",
    "user": null,
    "paid": false,
    "created_at": "2025-08-31T05:57:40.846Z",
    "modified_at": "2025-08-31T05:57:40.846Z"
  }
},
{
  "model": "shoppit.cart",
  "pk": 9,
  "fields": {
    "cart_code": "WonfjTMhew",
    "user": 1,
    "paid": true,
    "created_at": "2025-08-31T09:31:01.129Z",
    "modified_at": "2025-08-31T11:33:43.160Z"
  }
},
{
  "model": "shoppit.cart",
  "pk": 10,
  "fields": {
    "cart_code": "M6y4HUIPGS",
    "user": null,
    "paid": false,
    "created_at": "2025-08-31T13:37:19.296Z",
    "modified_at": "2025-08-31T13:37:19.296Z"
  }
},
{
  "model": "shoppit.cartitem",
  "pk": 39,
  "fields": {
    "cart": 1,
    "product": 6,
    "quantity": 3
  }
},
{
  "model": "shoppit.cartitem",
  "pk": 41,
  "fields": {
    "cart": 1,
    "product": 10,
    "quantity": 2
  }
},
{
  "model": "shoppit.cartitem",
  "pk": 43,
  "fields": {
    "cart": 1,
    "product": 13,
    "quantity": 3
  }
},
{
  "model": "shoppit.cartitem",
  "pk": 44,
  "fields": {
    "cart": 1,
    "product": 5,
    "quantity": 3
  }
},
{
  "model": "shoppit.cartitem",
  "pk": 46,
  "fields": {
    "cart": 1,
    "product": 4,
    "quantity": 1
  }
},
{
  "model": "shoppit.cartitem",
  "pk": 47,
  "fields": {
    "cart": 1,
    "product": 9,
    "quantity": 1
  }
},
{
  "model": "shoppit.cartitem",
  "pk": 48,
  "fields": {
    "cart": 1,
    "product": 8,
    "quantity": 1
  }
},
{
  "model": "shoppit.cartitem",
  "pk": 49,
  "fields": {
    "cart": 2,
    "product": 4,
    "quantity": 1
  }
},
{
  "model": "shoppit.cartitem",
  "pk": 50,
  "fields": {
    "cart": 2,
    "product": 3,
    "quantity": 1
  }
},
{
  "model": "shoppit.cartitem",
  "pk": 52,
  "fields": {
    "cart": 2,
    "product": 27,
    "quantity": 1
  }
},
{
  "model": "shoppit.cartitem",
  "pk": 53,
  "fields": {
    "cart": 3,
    "product": 4,
    "quantity": 1
  }
},
{
  "model": "shoppit.cartitem",
  "pk": 54,
  "fields": {
    "cart": 3,
    "product": 10,
    "quantity": 1
  }
},
{
  "model": "shoppit.cartitem",
  "pk": 55,
  "fields": {
    "cart": 4,
    "product": 27,
    "quantity": 1
  }
},
{
  "model": "shoppit.cartitem",
  "pk": 56,
  "fields": {
    "cart": 4,
    "product": 20,
    "quantity": 1
  }
},
{
  "model": "shoppit.cartitem",
  "pk": 57,
  "fields": {
    "cart": 4,
    "product": 4,
    "quantity": 1
  }
},
{
  "model": "shoppit.cartitem",
  "pk": 58,
  "fields": {
    "cart": 5,
    "product": 4,
    "quantity": 1
  }
},
{
  "model": "shoppit.cartitem",
  "pk": 59,
  "fields": {
    "cart": 5,
    "product": 20,
    "quantity": 1
  }
},
{
  "model": "shoppit.cartitem",
  "pk": 60,
  "fields": {
    "cart": 6,
    "product": 4,
    "quantity": 1
  }
},
{
  "model": "shoppit.cartitem",
  "pk": 61,
  "fields": {
    "cart": 6,
    "product": 5,
    "quantity": 1
  }
},
{
  "model": "shoppit.cartitem",
  "pk": 62,
  "fields": {
    "cart": 7,
    "product": 8,
    "quantity": 1
  }
},
{
  "model": "shoppit.cartitem",
  "pk": 63,
  "fields": {
    "cart": 8,
    "product": 5,
    "quantity": 1
  }
},
{
  "model": "shoppit.cartitem",
  "pk": 64,
  "fields": {
    "cart": 8,
    "product": 20,
    "quantity": 1
  }
},
{
  "model": "shoppit.cartitem",
  "pk": 65,
  "fields": {
    "cart": 9,
    "product": 4,
    "quantity": 1
  }
},
{
  "model": "shoppit.cartitem",
  "pk": 66,
  "fields": {
    "cart": 9,
    "product": 27,
    "quantity": 1
  }
},
{
  "model": "shoppit.cartitem",
  "pk": 69,
  "fields": {
    "cart": 10,
    "product": 4,
    "quantity": 1
  }
},
{
  "model": "shoppit.cartitem",
  "pk": 71,
  "fields": {
    "cart": 10,
    "product": 8,
    "quantity": 2
  }
},
{
  "model": "shoppit.cartitem",
  "pk": 72,
  "fields": {
    "cart": 10,
    "product": 3,
    "quantity": 1
  }
},
{
  "model": "shoppit.transaction",
  "pk": 1,
  "fields": {
    "ref": "5dd0d216-1f0c-459e-87e6-325e28faaa06",
    "cart": 1,
    "amount": "1102.00",
    "currency": "NGN",
    "status": "pending",
    "user": 3,
    "created_at": "2025-08-28T21:30:02.280Z",
    "modified_at": "2025-08-28T21:30:02.280Z"
  }
},
{
  "model": "shoppit.transaction",
  "pk": 2,
  "fields": {
    "ref": "c32242ea-fd65-431e-b31e-0b4a3565f1fe",
    "cart": 1,
    "amount": "1102.00",
    "currency": "NGN",
    "status": "pending",
    "user": 3,
    "created_at": "2025-08-28T21:39:19.771Z",
    "modified_at": "2025-08-28T21:39:19.771Z"
  }
},
{
  "model": "shoppit.transaction",
  "pk": 3,
  "fields": {
    "ref": "fa44be88-ae24-4523-a230-bd4a751dadea",
    "cart": 1,
    "amount": "1102.00",
    "currency": "NGN",
    "status": "pending",
    "user": 3,
    "created_at": "2025-08-28T22:05:26.543Z",
    "modified_at": "2025-08-28T22:05:26.543Z"
  }
},
{
  "model": "shoppit.transaction",
  "pk": 4,
  "fields": {
    "ref": "f086efff-c239-4512-b2c8-3cb24d9d014b",
    "cart": 1,
    "amount": "1102.00",
    "currency": "NGN",
    "status": "pending",
    "user": 3,
    "created_at": "2025-08-28T22:05:28.093Z",
    "modified_at": "2025-08-28T22:05:28.093Z"
  }
},
{
  "model": "shoppit.transaction",
  "pk": 5,
  "fields": {
    "ref": "aacc8d71-881f-4f13-9dc1-9b8879201a8b",
    "cart": 1,
    "amount": "1102.00",
    "currency": "NGN",
    "status": "pending",
    "user": 3,
    "created_at": "2025-08-28T22:12:01.435Z",
    "modified_at": "2025-08-28T22:12:01.435Z"
  }
},
{
  "model": "shoppit.transaction",
  "pk": 6,
  "fields": {
    "ref": "47bc0d52-15db-4ec3-b6e1-000480347c85",
    "cart": 1,
    "amount": "1102.00",
    "currency": "NGN",
    "status": "pending",
    "user": 3,
    "created_at": "2025-08-28T22:12:15.843Z",
    "modified_at": "2025-08-28T22:12:15.843Z"
  }
},
{
  "model": "shoppit.transaction",
  "pk": 7,
  "fields": {
    "ref": "9879d318-8075-492d-92bf-4bc73c137660",
    "cart": 1,
    "amount": "1102.00",
    "currency": "NGN",
    "status": "pending",
    "user": 3,
    "created_at": "2025-08-28T22:20:22.715Z",
    "modified_at": "2025-08-28T22:20:22.715Z"
  }
},
{
  "model": "shoppit.transaction",
  "pk": 8,
  "fields": {
    "ref": "713b4bfb-4478-4918-9f64-e0365016ab21",
    "cart": 1,
    "amount": "1102.00",
    "currency": "NGN",
    "status": "pending",
    "user": 3,
    "created_at": "2025-08-28T22:35:59.114Z",
    "modified_at": "2025-08-28T22:35:59.114Z"
  }
},
{
  "model": "shoppit.transaction",
  "pk": 9,
  "fields": {
    "ref": "7fe8f063-7337-4ba9-a94c-56c54208fdad",
    "cart": 1,
    "amount": "1352.00",
    "currency": "NGN",
    "status": "pending",
    "user": 3,
    "created_at": "2025-08-28T22:51:23.839Z",
    "modified_at": "2025-08-28T22:51:23.839Z"
  }
},
{
  "model": "shoppit.transaction",
  "pk": 10,
  "fields": {
    "ref": "6b30f629-5eca-4d0a-a3f9-2c6335ab64ff",
    "cart": 1,
    "amount": "1352.00",
    "currency": "NGN",
    "status": "pending",
    "user": 3,
    "created_at": "2025-08-28T22:51:25.988Z",
    "modified_at": "2025-08-28T22:51:25.988Z"
  }
},
{
  "model": "shoppit.transaction",
  "pk": 11,
  "fields": {
    "ref": "6cb19d45-f9e8-4139-9ea3-3bca708bbb38",
    "cart": 1,
    "amount": "1352.00",
    "currency": "NGN",
    "status": "pending",
    "user": 3,
    "created_at": "2025-08-28T22:51:38.808Z",
    "modified_at": "2025-08-28T22:51:38.808Z"
  }
},
{
  "model": "shoppit.transaction",
  "pk": 12,
  "fields": {
    "ref": "c2a7a00f-d976-4bcc-a7bf-7d5869fa0d8d",
    "cart": 1,
    "amount": "1352.00",
    "currency": "NGN",
    "status": "pending",
    "user": 3,
    "created_at": "2025-08-28T22:51:45.495Z",
    "modified_at": "2025-08-28T22:51:45.495Z"
  }
},
{
  "model": "shoppit.transaction",
  "pk": 13,
  "fields": {
    "ref": "572d0cce-76cb-471b-b247-547884a1f343",
    "cart": 1,
    "amount": "1352.00",
    "currency": "NGN",
    "status": "completed",
    "user": 3,
    "created_at": "2025-08-28T23:31:29.635Z",
    "modified_at": "2025-08-29T00:00:04.254Z"
  }
},
{
  "model": "shoppit.transaction",
  "pk": 14,
  "fields": {
    "ref": "cfe09724-4291-4626-a3a8-529cded08cae",
    "cart": 1,
    "amount": "1472.00",
    "currency": "NGN",
    "status": "completed",
    "user": 3,
    "created_at": "2025-08-29T04:52:04.778Z",
    "modified_at": "2025-08-29T04:53:36.215Z"
  }
},
{
  "model": "shoppit.transaction",
  "pk": 15,
  "fields": {
    "ref": "f2d408b3-d536-466c-8139-13af071772f7",
    "cart": 1,
    "amount": "1472.00",
    "currency": "NGN",
    "status": "pending",
    "user": 3,
    "created_at": "2025-08-29T04:52:08.301Z",
    "modified_at": "2025-08-29T04:52:08.301Z"
  }
},
{
  "model": "shoppit.transaction",
  "pk": 16,
  "fields": {
    "ref": "fece29d7-28e2-47af-a91e-0a8bbeec6670",
    "cart": 2,
    "amount": "139.00",
    "currency": "NGN",
    "status": "pending",
    "user": 3,
    "created_at": "2025-08-29T05:08:57.221Z",
    "modified_at": "2025-08-29T05:08:57.221Z"
  }
},
{
  "model": "shoppit.transaction",
  "pk": 17,
  "fields": {
    "ref": "0aee56b7-5d78-4f33-9849-1b5d8dcbc86e",
    "cart": 2,
    "amount": "139.00",
    "currency": "NGN",
    "status": "pending",
    "user": 3,
    "created_at": "2025-08-29T05:08:59.705Z",
    "modified_at": "2025-08-29T05:08:59.705Z"
  }
},
{
  "model": "shoppit.transaction",
  "pk": 18,
  "fields": {
    "ref": "e1e7f7a0-dacf-414a-a2fa-e3200abebfb0",
    "cart": 2,
    "amount": "139.00",
    "currency": "NGN",
    "status": "pending",
    "user": 3,
    "created_at": "2025-08-29T05:09:01.761Z",
    "modified_at": "2025-08-29T05:09:01.761Z"
  }
},
{
  "model": "shoppit.transaction",
  "pk": 19,
  "fields": {
    "ref": "c78cc3a9-bb96-4c03-ad8d-a46445a28d2e",
    "cart": 2,
    "amount": "139.00",
    "currency": "NGN",
    "status": "pending",
    "user": 3,
    "created_at": "2025-08-29T05:09:12.134Z",
    "modified_at": "2025-08-29T05:09:12.134Z"
  }
},
{
  "model": "shoppit.transaction",
  "pk": 20,
  "fields": {
    "ref": "0ed65d41-3439-43a4-b7af-eb0a7ac198fa",
    "cart": 2,
    "amount": "139.00",
    "currency": "NGN",
    "status": "pending",
    "user": 3,
    "created_at": "2025-08-29T05:09:13.447Z",
    "modified_at": "2025-08-29T05:09:13.447Z"
  }
},
{
  "model": "shoppit.transaction",
  "pk": 21,
  "fields": {
    "ref": "8ca83a76-b4a4-4d55-bfb7-42d37191f556",
    "cart": 2,
    "amount": "139.00",
    "currency": "NGN",
    "status": "completed",
    "user": 3,
    "created_at": "2025-08-29T05:09:13.581Z",
    "modified_at": "2025-08-29T05:19:55.747Z"
  }
},
{
  "model": "shoppit.transaction",
  "pk": 22,
  "fields": {
    "ref": "510d2821-d7bb-455c-8b67-2ed666b4b260",
    "cart": 3,
    "amount": "349.00",
    "currency": "NGN",
    "status": "completed",
    "user": 3,
    "created_at": "2025-08-29T05:23:29.774Z",
    "modified_at": "2025-08-29T05:25:32.368Z"
  }
},
{
  "model": "shoppit.transaction",
  "pk": 23,
  "fields": {
    "ref": "c9e6e28c-8add-4e50-8ac6-60b42cf29c41",
    "cart": 3,
    "amount": "349.00",
    "currency": "NGN",
    "status": "pending",
    "user": 3,
    "created_at": "2025-08-29T05:23:30.968Z",
    "modified_at": "2025-08-29T05:23:30.968Z"
  }
},
{
  "model": "shoppit.transaction",
  "pk": 24,
  "fields": {
    "ref": "7f202c87-2b88-469e-badf-a4265838896f",
    "cart": 3,
    "amount": "349.00",
    "currency": "NGN",
    "status": "pending",
    "user": 3,
    "created_at": "2025-08-29T05:23:34.197Z",
    "modified_at": "2025-08-29T05:23:34.197Z"
  }
},
{
  "model": "shoppit.transaction",
  "pk": 25,
  "fields": {
    "ref": "f33a5dc5-f164-497c-9a17-d62939f3755f",
    "cart": 3,
    "amount": "349.00",
    "currency": "NGN",
    "status": "pending",
    "user": 3,
    "created_at": "2025-08-29T05:23:35.965Z",
    "modified_at": "2025-08-29T05:23:35.965Z"
  }
},
{
  "model": "shoppit.transaction",
  "pk": 26,
  "fields": {
    "ref": "ffc6e824-9106-411e-96a9-b3c175d05522",
    "cart": 4,
    "amount": "69.00",
    "currency": "NGN",
    "status": "pending",
    "user": 1,
    "created_at": "2025-08-29T05:27:57.189Z",
    "modified_at": "2025-08-29T05:27:57.189Z"
  }
},
{
  "model": "shoppit.transaction",
  "pk": 27,
  "fields": {
    "ref": "a72abe7b-afbb-4168-a7e1-aeec548a8dff",
    "cart": 4,
    "amount": "69.00",
    "currency": "NGN",
    "status": "pending",
    "user": 1,
    "created_at": "2025-08-29T05:28:03.817Z",
    "modified_at": "2025-08-29T05:28:03.817Z"
  }
},
{
  "model": "shoppit.transaction",
  "pk": 28,
  "fields": {
    "ref": "cf331b9d-804f-4df3-ad14-ba76dd5f5c86",
    "cart": 4,
    "amount": "69.00",
    "currency": "NGN",
    "status": "pending",
    "user": 1,
    "created_at": "2025-08-29T05:28:18.489Z",
    "modified_at": "2025-08-29T05:28:18.489Z"
  }
},
{
  "model": "shoppit.transaction",
  "pk": 29,
  "fields": {
    "ref": "7e72b279-1808-4879-a0e3-28f99f8e33e2",
    "cart": 4,
    "amount": "69.00",
    "currency": "NGN",
    "status": "pending",
    "user": 1,
    "created_at": "2025-08-29T05:28:27.749Z",
    "modified_at": "2025-08-29T05:28:27.749Z"
  }
},
{
  "model": "shoppit.transaction",
  "pk": 30,
  "fields": {
    "ref": "d3af1b39-3b4b-4936-9c71-2ebc89d018ea",
    "cart": 4,
    "amount": "69.00",
    "currency": "NGN",
    "status": "pending",
    "user": 1,
    "created_at": "2025-08-29T05:28:31.366Z",
    "modified_at": "2025-08-29T05:28:31.366Z"
  }
},
{
  "model": "shoppit.transaction",
  "pk": 31,
  "fields": {
    "ref": "139a028e-4ae7-4c0a-b048-762178904a57",
    "cart": 4,
    "amount": "69.00",
    "currency": "NGN",
    "status": "pending",
    "user": 1,
    "created_at": "2025-08-29T05:28:32.337Z",
    "modified_at": "2025-08-29T05:28:32.337Z"
  }
},
{
  "model": "shoppit.transaction",
  "pk": 32,
  "fields": {
    "ref": "d182f23a-e954-4d98-8bd3-cb4a919a4d34",
    "cart": 4,
    "amount": "69.00",
    "currency": "NGN",
    "status": "pending",
    "user": 1,
    "created_at": "2025-08-29T05:28:32.732Z",
    "modified_at": "2025-08-29T05:28:32.732Z"
  }
},
{
  "model": "shoppit.transaction",
  "pk": 33,
  "fields": {
    "ref": "9e0dadd0-a5e8-4a6c-9bf6-823859bb68f5",
    "cart": 4,
    "amount": "69.00",
    "currency": "NGN",
    "status": "pending",
    "user": 1,
    "created_at": "2025-08-29T05:28:33.102Z",
    "modified_at": "2025-08-29T05:28:33.102Z"
  }
},
{
  "model": "shoppit.transaction",
  "pk": 34,
  "fields": {
    "ref": "85916137-60ff-4d76-8efc-ee2559776169",
    "cart": 4,
    "amount": "69.00",
    "currency": "NGN",
    "status": "pending",
    "user": 1,
    "created_at": "2025-08-29T05:29:25.803Z",
    "modified_at": "2025-08-29T05:29:25.803Z"
  }
},
{
  "model": "shoppit.transaction",
  "pk": 35,
  "fields": {
    "ref": "eaf07e46-efd4-42a9-898a-2b83dc0522c3",
    "cart": 4,
    "amount": "69.00",
    "currency": "NGN",
    "status": "pending",
    "user": 1,
    "created_at": "2025-08-29T05:29:31.466Z",
    "modified_at": "2025-08-29T05:29:31.466Z"
  }
},
{
  "model": "shoppit.transaction",
  "pk": 36,
  "fields": {
    "ref": "bb660713-5215-4988-9b91-99ed860f9d24",
    "cart": 4,
    "amount": "69.00",
    "currency": "NGN",
    "status": "pending",
    "user": 1,
    "created_at": "2025-08-29T05:29:41.284Z",
    "modified_at": "2025-08-29T05:29:41.284Z"
  }
},
{
  "model": "shoppit.transaction",
  "pk": 37,
  "fields": {
    "ref": "fdc61770-26ec-4ce6-8915-0fd71a26a755",
    "cart": 4,
    "amount": "69.00",
    "currency": "NGN",
    "status": "pending",
    "user": 1,
    "created_at": "2025-08-29T05:30:16.879Z",
    "modified_at": "2025-08-29T05:30:16.879Z"
  }
},
{
  "model": "shoppit.transaction",
  "pk": 38,
  "fields": {
    "ref": "8282f839-efd3-454c-bb13-c22f8ccc7b8c",
    "cart": 4,
    "amount": "69.00",
    "currency": "NGN",
    "status": "pending",
    "user": 1,
    "created_at": "2025-08-29T05:30:32.696Z",
    "modified_at": "2025-08-29T05:30:32.696Z"
  }
},
{
  "model": "shoppit.transaction",
  "pk": 39,
  "fields": {
    "ref": "e2546362-136e-4387-a9ea-c7304f3c15f1",
    "cart": 4,
    "amount": "69.00",
    "currency": "NGN",
    "status": "pending",
    "user": 1,
    "created_at": "2025-08-29T05:30:34.001Z",
    "modified_at": "2025-08-29T05:30:34.001Z"
  }
},
{
  "model": "shoppit.transaction",
  "pk": 40,
  "fields": {
    "ref": "53f0ca0c-6736-4c24-828b-d1fefe290980",
    "cart": 4,
    "amount": "114.00",
    "currency": "NGN",
    "status": "pending",
    "user": 5,
    "created_at": "2025-08-29T05:32:58.046Z",
    "modified_at": "2025-08-29T05:32:58.046Z"
  }
},
{
  "model": "shoppit.transaction",
  "pk": 41,
  "fields": {
    "ref": "040a8f3f-aea1-4659-a7dc-dcc648082d4a",
    "cart": 4,
    "amount": "114.00",
    "currency": "NGN",
    "status": "pending",
    "user": 5,
    "created_at": "2025-08-29T05:33:04.307Z",
    "modified_at": "2025-08-29T05:33:04.307Z"
  }
},
{
  "model": "shoppit.transaction",
  "pk": 42,
  "fields": {
    "ref": "763aad5a-35b4-41da-9814-9f3b4b229761",
    "cart": 4,
    "amount": "114.00",
    "currency": "NGN",
    "status": "pending",
    "user": 5,
    "created_at": "2025-08-29T05:33:05.224Z",
    "modified_at": "2025-08-29T05:33:05.224Z"
  }
},
{
  "model": "shoppit.transaction",
  "pk": 43,
  "fields": {
    "ref": "6caa62d0-de8a-4bf5-89c3-16e044038927",
    "cart": 4,
    "amount": "114.00",
    "currency": "NGN",
    "status": "pending",
    "user": 5,
    "created_at": "2025-08-29T05:33:05.749Z",
    "modified_at": "2025-08-29T05:33:05.749Z"
  }
},
{
  "model": "shoppit.transaction",
  "pk": 44,
  "fields": {
    "ref": "14be6b24-66aa-47fc-a0db-4cc4d5ad998c",
    "cart": 4,
    "amount": "114.00",
    "currency": "NGN",
    "status": "completed",
    "user": 2,
    "created_at": "2025-08-29T05:34:20.355Z",
    "modified_at": "2025-08-29T05:36:42.802Z"
  }
},
{
  "model": "shoppit.transaction",
  "pk": 45,
  "fields": {
    "ref": "ba668230-213b-4841-a47c-46697dd913da",
    "cart": 4,
    "amount": "114.00",
    "currency": "NGN",
    "status": "pending",
    "user": 2,
    "created_at": "2025-08-29T05:34:22.326Z",
    "modified_at": "2025-08-29T05:34:22.326Z"
  }
},
{
  "model": "shoppit.transaction",
  "pk": 46,
  "fields": {
    "ref": "325ac15f-0337-42ab-b271-fd385c5624da",
    "cart": 5,
    "amount": "74.00",
    "currency": "NGN",
    "status": "pending",
    "user": 1,
    "created_at": "2025-08-29T05:38:29.815Z",
    "modified_at": "2025-08-29T05:38:29.815Z"
  }
},
{
  "model": "shoppit.transaction",
  "pk": 47,
  "fields": {
    "ref": "c1f4eef5-864e-448d-b914-18d37b877843",
    "cart": 5,
    "amount": "74.00",
    "currency": "NGN",
    "status": "pending",
    "user": 1,
    "created_at": "2025-08-29T05:38:32.949Z",
    "modified_at": "2025-08-29T05:38:32.949Z"
  }
},
{
  "model": "shoppit.transaction",
  "pk": 48,
  "fields": {
    "ref": "431326a8-3181-4eee-987e-03f582145d5e",
    "cart": 5,
    "amount": "74.00",
    "currency": "NGN",
    "status": "pending",
    "user": 1,
    "created_at": "2025-08-29T05:39:57.349Z",
    "modified_at": "2025-08-29T05:39:57.349Z"
  }
},
{
  "model": "shoppit.transaction",
  "pk": 49,
  "fields": {
    "ref": "9790df40-4e0d-4b77-b2e4-b2440d2396ee",
    "cart": 5,
    "amount": "74.00",
    "currency": "NGN",
    "status": "pending",
    "user": 1,
    "created_at": "2025-08-29T05:39:58.339Z",
    "modified_at": "2025-08-29T05:39:58.339Z"
  }
},
{
  "model": "shoppit.transaction",
  "pk": 50,
  "fields": {
    "ref": "10bd642b-ea4c-412c-8c73-76420f2757a0",
    "cart": 5,
    "amount": "74.00",
    "currency": "NGN",
    "status": "completed",
    "user": 8,
    "created_at": "2025-08-30T22:29:58.934Z",
    "modified_at": "2025-08-30T22:31:49.009Z"
  }
},
{
  "model": "shoppit.transaction",
  "pk": 51,
  "fields": {
    "ref": "b768d86e-65a2-40b1-b4c5-1b90c99f7183",
    "cart": 6,
    "amount": "49.00",
    "currency": "NGN",
    "status": "pending",
    "user": 1,
    "created_at": "2025-08-31T04:31:05.616Z",
    "modified_at": "2025-08-31T04:31:05.616Z"
  }
},
{
  "model": "shoppit.transaction",
  "pk": 52,
  "fields": {
    "ref": "9ea7c659-49c5-4821-aa49-6b227d229333",
    "cart": 6,
    "amount": "49.00",
    "currency": "NGN",
    "status": "pending",
    "user": 1,
    "created_at": "2025-08-31T04:33:26.962Z",
    "modified_at": "2025-08-31T04:33:26.962Z"
  }
},
{
  "model": "shoppit.transaction",
  "pk": 53,
  "fields": {
    "ref": "8972f8e1-4421-4e3f-ab67-a0b9ec29f0e3",
    "cart": 6,
    "amount": "49.00",
    "currency": "NGN",
    "status": "pending",
    "user": 1,
    "created_at": "2025-08-31T04:33:36.179Z",
    "modified_at": "2025-08-31T04:33:36.180Z"
  }
},
{
  "model": "shoppit.transaction",
  "pk": 54,
  "fields": {
    "ref": "b3cb381c-8a6f-488b-80e7-71005ba5d706",
    "cart": 6,
    "amount": "49.00",
    "currency": "NGN",
    "status": "pending",
    "user": 1,
    "created_at": "2025-08-31T04:41:50.520Z",
    "modified_at": "2025-08-31T04:41:50.520Z"
  }
},
{
  "model": "shoppit.transaction",
  "pk": 55,
  "fields": {
    "ref": "9b4c7b75-7135-4205-9213-131299db8e06",
    "cart": 6,
    "amount": "49.00",
    "currency": "NGN",
    "status": "pending",
    "user": 1,
    "created_at": "2025-08-31T04:41:51.893Z",
    "modified_at": "2025-08-31T04:41:51.893Z"
  }
},
{
  "model": "shoppit.transaction",
  "pk": 56,
  "fields": {
    "ref": "75acb4a7-71f0-4350-8f07-3c88a8763be8",
    "cart": 6,
    "amount": "115.00",
    "currency": "NGN",
    "status": "pending",
    "user": 1,
    "created_at": "2025-08-31T04:42:51.852Z",
    "modified_at": "2025-08-31T04:42:51.852Z"
  }
},
{
  "model": "shoppit.transaction",
  "pk": 57,
  "fields": {
    "ref": "8251bbdc-3a52-45cb-a66a-1a04108231e5",
    "cart": 6,
    "amount": "115.00",
    "currency": "NGN",
    "status": "pending",
    "user": 1,
    "created_at": "2025-08-31T04:43:45.162Z",
    "modified_at": "2025-08-31T04:43:45.162Z"
  }
},
{
  "model": "shoppit.transaction",
  "pk": 58,
  "fields": {
    "ref": "547af2f6-329e-4bb3-9115-21d419ebc56c",
    "cart": 6,
    "amount": "115.00",
    "currency": "NGN",
    "status": "completed",
    "user": 1,
    "created_at": "2025-08-31T04:46:39.996Z",
    "modified_at": "2025-08-31T04:48:59.682Z"
  }
},
{
  "model": "shoppit.transaction",
  "pk": 59,
  "fields": {
    "ref": "280bc2f9-6c4b-48ab-a569-c0ea7c14f330",
    "cart": 7,
    "amount": "124.00",
    "currency": "NGN",
    "status": "pending",
    "user": 1,
    "created_at": "2025-08-31T05:00:06.367Z",
    "modified_at": "2025-08-31T05:00:06.367Z"
  }
},
{
  "model": "shoppit.transaction",
  "pk": 60,
  "fields": {
    "ref": "11f599da-7baa-41e1-918a-3937930b1f92",
    "cart": 7,
    "amount": "124.00",
    "currency": "NGN",
    "status": "completed",
    "user": 1,
    "created_at": "2025-08-31T05:00:07.768Z",
    "modified_at": "2025-08-31T05:13:19.341Z"
  }
},
{
  "model": "shoppit.transaction",
  "pk": 61,
  "fields": {
    "ref": "5b1ef2cc-308e-4ea4-96a1-15383eb04da2",
    "cart": 8,
    "amount": "95.00",
    "currency": "NGN",
    "status": "pending",
    "user": 1,
    "created_at": "2025-08-31T06:00:10.777Z",
    "modified_at": "2025-08-31T06:00:10.777Z"
  }
},
{
  "model": "shoppit.transaction",
  "pk": 62,
  "fields": {
    "ref": "622cd4a0-cc4e-44f2-9298-caf1a19d32c4",
    "cart": 8,
    "amount": "95.00",
    "currency": "NGN",
    "status": "pending",
    "user": 1,
    "created_at": "2025-08-31T06:00:21.797Z",
    "modified_at": "2025-08-31T06:00:21.797Z"
  }
},
{
  "model": "shoppit.transaction",
  "pk": 63,
  "fields": {
    "ref": "e858a2d6-ed4e-465c-a09e-4efab76a545a",
    "cart": 8,
    "amount": "95.00",
    "currency": "NGN",
    "status": "pending",
    "user": 1,
    "created_at": "2025-08-31T06:00:28.048Z",
    "modified_at": "2025-08-31T06:00:28.048Z"
  }
},
{
  "model": "shoppit.transaction",
  "pk": 64,
  "fields": {
    "ref": "45e8f1f6-06af-4c81-b53a-f7fd97678dba",
    "cart": 8,
    "amount": "95.00",
    "currency": "NGN",
    "status": "pending",
    "user": 1,
    "created_at": "2025-08-31T06:01:04.958Z",
    "modified_at": "2025-08-31T06:01:04.958Z"
  }
},
{
  "model": "shoppit.transaction",
  "pk": 65,
  "fields": {
    "ref": "498fe6fb-052f-479c-8700-d17f0dae224c",
    "cart": 8,
    "amount": "95.00",
    "currency": "NGN",
    "status": "pending",
    "user": 1,
    "created_at": "2025-08-31T06:05:15.372Z",
    "modified_at": "2025-08-31T06:05:15.372Z"
  }
},
{
  "model": "shoppit.transaction",
  "pk": 66,
  "fields": {
    "ref": "7ac8b14c-375c-42eb-9af1-5d8ee2930e24",
    "cart": 8,
    "amount": "95.00",
    "currency": "NGN",
    "status": "pending",
    "user": 1,
    "created_at": "2025-08-31T06:07:38.164Z",
    "modified_at": "2025-08-31T06:07:38.164Z"
  }
},
{
  "model": "shoppit.transaction",
  "pk": 67,
  "fields": {
    "ref": "9f843978-02bf-4aeb-904f-6c63e7b2c9a2",
    "cart": 8,
    "amount": "95.00",
    "currency": "NGN",
    "status": "pending",
    "user": 1,
    "created_at": "2025-08-31T06:16:43.859Z",
    "modified_at": "2025-08-31T06:16:43.859Z"
  }
},
{
  "model": "shoppit.transaction",
  "pk": 68,
  "fields": {
    "ref": "098c2ae6-9fd6-4d72-94b6-a6637f2dc07c",
    "cart": 8,
    "amount": "95.00",
    "currency": "NGN",
    "status": "pending",
    "user": 1,
    "created_at": "2025-08-31T06:19:20.978Z",
    "modified_at": "2025-08-31T06:19:20.978Z"
  }
},
{
  "model": "shoppit.transaction",
  "pk": 69,
  "fields": {
    "ref": "59549cc6-6c08-43b0-9927-13390a6b2951",
    "cart": 8,
    "amount": "95.00",
    "currency": "NGN",
    "status": "pending",
    "user": 1,
    "created_at": "2025-08-31T08:51:20.002Z",
    "modified_at": "2025-08-31T08:51:20.002Z"
  }
},
{
  "model": "shoppit.transaction",
  "pk": 70,
  "fields": {
    "ref": "9df5ea44-f7ef-47b2-9c46-dc983eed16b8",
    "cart": 8,
    "amount": "95.00",
    "currency": "NGN",
    "status": "pending",
    "user": 1,
    "created_at": "2025-08-31T09:08:20.924Z",
    "modified_at": "2025-08-31T09:08:20.924Z"
  }
},
{
  "model": "shoppit.transaction",
  "pk": 71,
  "fields": {
    "ref": "23e56583-9711-4e87-8836-c52fa22b0c57",
    "cart": 8,
    "amount": "95.00",
    "currency": "NGN",
    "status": "pending",
    "user": 1,
    "created_at": "2025-08-31T09:19:40.715Z",
    "modified_at": "2025-08-31T09:19:40.715Z"
  }
},
{
  "model": "shoppit.transaction",
  "pk": 72,
  "fields": {
    "ref": "3ade4cb8-02fa-413d-9902-db51e2751503",
    "cart": 8,
    "amount": "95.00",
    "currency": "NGN",
    "status": "pending",
    "user": 1,
    "created_at": "2025-08-31T09:20:16.085Z",
    "modified_at": "2025-08-31T09:20:16.085Z"
  }
},
{
  "model": "shoppit.transaction",
  "pk": 73,
  "fields": {
    "ref": "e119cd46-b6ec-4c6e-a7ed-b2c608068776",
    "cart": 8,
    "amount": "95.00",
    "currency": "NGN",
    "status": "pending",
    "user": 1,
    "created_at": "2025-08-31T09:20:29.172Z",
    "modified_at": "2025-08-31T09:20:29.172Z"
  }
},
{
  "model": "shoppit.transaction",
  "pk": 74,
  "fields": {
    "ref": "efddbe3a-41c8-4c61-be1c-3d677b50835e",
    "cart": 8,
    "amount": "95.00",
    "currency": "NGN",
    "status": "pending",
    "user": 1,
    "created_at": "2025-08-31T09:21:17.476Z",
    "modified_at": "2025-08-31T09:21:17.476Z"
  }
},
{
  "model": "shoppit.transaction",
  "pk": 75,
  "fields": {
    "ref": "2d2ef9ba-2df2-4a7b-b022-fc390fe63a0c",
    "cart": 9,
    "amount": "89.00",
    "currency": "NGN",
    "status": "pending",
    "user": 1,
    "created_at": "2025-08-31T09:31:13.314Z",
    "modified_at": "2025-08-31T09:31:13.314Z"
  }
},
{
  "model": "shoppit.transaction",
  "pk": 76,
  "fields": {
    "ref": "6e6d22ea-d11c-4a6e-b1a6-89afab0af722",
    "cart": 9,
    "amount": "89.00",
    "currency": "NGN",
    "status": "pending",
    "user": 1,
    "created_at": "2025-08-31T09:41:20.119Z",
    "modified_at": "2025-08-31T09:41:20.119Z"
  }
},
{
  "model": "shoppit.transaction",
  "pk": 77,
  "fields": {
    "ref": "b453ab42-123c-4ef7-bf9e-98536173cbb8",
    "cart": 9,
    "amount": "89.00",
    "currency": "NGN",
    "status": "pending",
    "user": 1,
    "created_at": "2025-08-31T10:06:00.045Z",
    "modified_at": "2025-08-31T10:06:00.045Z"
  }
},
{
  "model": "shoppit.transaction",
  "pk": 78,
  "fields": {
    "ref": "c89b01af-7514-4812-a9e9-53c1c057bdd1",
    "cart": 9,
    "amount": "89.00",
    "currency": "NGN",
    "status": "pending",
    "user": 1,
    "created_at": "2025-08-31T10:06:06.069Z",
    "modified_at": "2025-08-31T10:06:06.069Z"
  }
},
{
  "model": "shoppit.transaction",
  "pk": 79,
  "fields": {
    "ref": "264ddbf0-10a0-43f9-a1dc-0a7d41f6684d",
    "cart": 9,
    "amount": "89.00",
    "currency": "NGN",
    "status": "pending",
    "user": 1,
    "created_at": "2025-08-31T10:45:39.867Z",
    "modified_at": "2025-08-31T10:45:39.867Z"
  }
},
{
  "model": "shoppit.transaction",
  "pk": 80,
  "fields": {
    "ref": "d2e067ac-03f2-46fe-a2a6-9dcb7e9e27cd",
    "cart": 9,
    "amount": "89.00",
    "currency": "NGN",
    "status": "pending",
    "user": 1,
    "created_at": "2025-08-31T10:45:52.853Z",
    "modified_at": "2025-08-31T10:45:52.853Z"
  }
},
{
  "model": "shoppit.transaction",
  "pk": 81,
  "fields": {
    "ref": "570826a9-af9b-4fa8-a79c-cf1b6ad0ea84",
    "cart": 9,
    "amount": "89.00",
    "currency": "NGN",
    "status": "pending",
    "user": 1,
    "created_at": "2025-08-31T11:11:28.229Z",
    "modified_at": "2025-08-31T11:11:28.229Z"
  }
},
{
  "model": "shoppit.transaction",
  "pk": 82,
  "fields": {
    "ref": "b0dbad92-6bcb-4823-b25f-1deb2b9b4887",
    "cart": 9,
    "amount": "89.00",
    "currency": "NGN",
    "status": "pending",
    "user": 1,
    "created_at": "2025-08-31T11:13:49.596Z",
    "modified_at": "2025-08-31T11:13:49.596Z"
  }
},
{
  "model": "shoppit.transaction",
  "pk": 83,
  "fields": {
    "ref": "0e0c4527-481d-4947-b4f2-ba39c9b69322",
    "cart": 9,
    "amount": "89.00",
    "currency": "NGN",
    "status": "pending",
    "user": 1,
    "created_at": "2025-08-31T11:19:33.894Z",
    "modified_at": "2025-08-31T11:19:33.894Z"
  }
},
{
  "model": "shoppit.transaction",
  "pk": 84,
  "fields": {
    "ref": "093bf8ea-9fa6-4667-987f-ec12b7a6cd7d",
    "cart": 9,
    "amount": "89.00",
    "currency": "NGN",
    "status": "completed",
    "user": 1,
    "created_at": "2025-08-31T11:21:47.784Z",
    "modified_at": "2025-08-31T11:31:31.128Z"
  }
},
{
  "model": "shoppit.transaction",
  "pk": 85,
  "fields": {
    "ref": "ff3f7764-7f54-40eb-a9ad-0718dd2626c2",
    "cart": 9,
    "amount": "89.00",
    "currency": "NGN",
    "status": "completed",
    "user": 1,
    "created_at": "2025-08-31T11:31:29.059Z",
    "modified_at": "2025-08-31T11:33:43.144Z"
  }
},
{
  "model": "shoppit.transaction",
  "pk": 86,
  "fields": {
    "ref": "0f51619e-0a40-46aa-9dc8-97445a7999e9",
    "cart": 10,
    "amount": "120.00",
    "currency": "NGN",
    "status": "pending",
    "user": 1,
    "created_at": "2025-09-01T17:53:07.568Z",
    "modified_at": "2025-09-01T17:53:07.568Z"
  }
},
{
  "model": "shoppit.transaction",
  "pk": 87,
  "fields": {
    "ref": "33106dc0-ce07-4a21-9775-717fb8e6a93d",
    "cart": 10,
    "amount": "120.00",
    "currency": "NGN",
    "status": "pending",
    "user": 1,
    "created_at": "2025-09-01T17:53:10.691Z",
    "modified_at": "2025-09-01T17:53:10.691Z"
  }
},
{
  "model": "shoppit.transaction",
  "pk": 88,
  "fields": {
    "ref": "0acde6fa-93c7-419a-a468-3f011b08efee",
    "cart": 10,
    "amount": "165.00",
    "currency": "NGN",
    "status": "pending",
    "user": 1,
    "created_at": "2025-09-05T23:56:08.934Z",
    "modified_at": "2025-09-05T23:56:08.934Z"
  }
},
{
  "model": "shoppit.transaction",
  "pk": 89,
  "fields": {
    "ref": "170afe6c-2726-4207-9ff0-157f22bea2cc",
    "cart": 10,
    "amount": "165.00",
    "currency": "NGN",
    "status": "pending",
    "user": 1,
    "created_at": "2025-09-06T09:21:27.396Z",
    "modified_at": "2025-09-06T09:21:27.396Z"
  }
},
{
  "model": "shoppit.transaction",
  "pk": 90,
  "fields": {
    "ref": "a1df38c8-f2b4-41b2-9a6c-4598bb84155a",
    "cart": 10,
    "amount": "165.00",
    "currency": "NGN",
    "status": "pending",
    "user": 1,
    "created_at": "2025-09-06T09:21:27.406Z",
    "modified_at": "2025-09-06T09:21:27.406Z"
  }
},
{
  "model": "shoppit.transaction",
  "pk": 91,
  "fields": {
    "ref": "20e784cb-7018-409b-8980-f69f33a1ed0b",
    "cart": 10,
    "amount": "165.00",
    "currency": "NGN",
    "status": "pending",
    "user": 1,
    "created_at": "2025-09-06T09:22:30.065Z",
    "modified_at": "2025-09-06T09:22:30.065Z"
  }
},
{
  "model": "shoppit.transaction",
  "pk": 92,
  "fields": {
    "ref": "72f9d897-fac8-4028-b0f1-480ddfc0dc01",
    "cart": 10,
    "amount": "165.00",
    "currency": "NGN",
    "status": "pending",
    "user": 1,
    "created_at": "2025-09-06T09:22:35.414Z",
    "modified_at": "2025-09-06T09:22:35.414Z"
  }
},
{
  "model": "shoppit.transaction",
  "pk": 93,
  "fields": {
    "ref": "d2d62827-4868-4dc5-944c-ab3aa1709f07",
    "cart": 10,
    "amount": "289.00",
    "currency": "NGN",
    "status": "pending",
    "user": 1,
    "created_at": "2025-09-06T11:06:52.312Z",
    "modified_at": "2025-09-06T11:06:52.312Z"
  }
},
{
  "model": "shoppit.transaction",
  "pk": 94,
  "fields": {
    "ref": "d8ae4493-3614-4cfe-9e9f-ce4f22e95e72",
    "cart": 10,
    "amount": "289.00",
    "currency": "NGN",
    "status": "pending",
    "user": 1,
    "created_at": "2025-09-06T11:06:52.325Z",
    "modified_at": "2025-09-06T11:06:52.325Z"
  }
},
{
  "model": "shoppit.profile",
  "pk": 2,
  "fields": {
    "user": 3,
    "image": "profile-image/download_14.jpg"
  }
},
{
  "model": "shoppit.profile",
  "pk": 5,
  "fields": {
    "user": 1,
    "image": "profile-image/download_26.jpg"
  }
},
{
  "model": "shoppit.profile",
  "pk": 6,
  "fields": {
    "user": 9,
    "image": "profile-image/images_11.jpg"
  }
},
{
  "model": "shoppit.profile",
  "pk": 7,
  "fields": {
    "user": 10,
    "image": "profile_image/blank.png"
  }
},
{
  "model": "shoppit.profile",
  "pk": 8,
  "fields": {
    "user": 11,
    "image": "profile_image/blank.png"
  }
},
{
  "model": "shoppit.profile",
  "pk": 9,
  "fields": {
    "user": 12,
    "image": "profile_image/blank.png"
  }
},
{
  "model": "shoppit.profile",
  "pk": 10,
  "fields": {
    "user": 2,
    "image": "profile-image/Codemant_Logo.jpg"
  }
}
]
